闪迪至尊高速酷奂 USB3.1 闪存盘CZ74-256G 金属创意加密优盘,https://g-search3.alicdn.com/img/bao/uploaded/i4/i4/2340934754/O1CN01yQgGPF1kzNaAs1sVY_!!0-item_pic.jpg_360x360Q90.jpg,279.00元,96人付款,sandisk闪迪旗舰店
HP惠普U盘32g金属USB3.1高速车载学生办公商务移动正版优盘正品电脑定制,https://g-search1.alicdn.com/img/bao/uploaded/i4/i1/133668489/O1CN01feGdKZ2Ca0pzeOPca_!!0-item_pic.jpg_360x360Q90.jpg,42.90元,427人付款,惠普中国官方旗舰店
爱国者U盘32g高速USB3.0正版金属车载U盘优盘32g礼品定制大容量手机电脑商务办公女生可爱创意官方旗舰店正品,https://g-search3.alicdn.com/img/bao/uploaded/i4/i4/3539300120/O1CN01U8vZCQ1Cl0DNWDf2k_!!0-item_pic.jpg_360x360Q90.jpg,26.50元,3433人付款,aigo爱国者旗舰店
爱国者U盘32G正版高速USB3.1金属商务学生车载U盘迷你防水优盘3.0移动电脑办公专用 32g官方旗舰店正品,https://g-search2.alicdn.com/img/bao/uploaded/i4/i2/3539300120/O1CN01qxjv2l1Cl0CUkn9Ph_!!0-item_pic.jpg_360x360Q90.jpg,40.90元,649人付款,aigo爱国者旗舰店
联想thinkplus TU100金属壳移动闪存U盘USB3.1高速大容量商务办公学生便携优盘,https://g-search2.alicdn.com/img/bao/uploaded/i4/i3/2204157299018/O1CN01yHwh2i2GUIKfuGrDB_!!0-item_pic.jpg_360x360Q90.jpg,35.90元,2329人付款,thinkpad奥联专卖店
HP惠普u盘32g高速USB3.1正版金属旋转车载学生办公商务个性创意优盘正品移动正版,https://g-search2.alicdn.com/img/bao/uploaded/i4/i2/133668489/O1CN01XpPfR12Ca0t3rPkIr_!!0-item_pic.jpg_360x360Q90.jpg,39.90元,393人付款,惠普中国官方旗舰店
爱国者U盘64g 迷你金属U盘 电脑U盘高速车载U盘 U268 银色,https://g-search3.alicdn.com/img/bao/uploaded/i4/i4/2616970884/O1CN01rXMIUT1IOunBq493t_!!0-item_pic.jpg_360x360Q90.jpg,29.90元,1.0万+人付款,苏宁易购官方旗舰店
三星u盘128gb Bar+车载歌曲电脑两用usb3.1高速金属大容量优盘,https://g-search2.alicdn.com/img/bao/uploaded/i4/i1/2616970884/O1CN01dISc9X1IOuoDQwrlz_!!0-item_pic.jpg_360x360Q90.jpg,139.90元,688人付款,苏宁易购官方旗舰店
闪迪U盘128g USB3.2固态闪存盘CZ880商务加密高速金属128g优盘,https://g-search3.alicdn.com/img/bao/uploaded/i4/i4/2340934754/O1CN01uGHZ571kzNaFWCM2t_!!0-item_pic.jpg_360x360Q90.jpg,219.00元,2293人付款,sandisk闪迪旗舰店
SanDisk闪迪旗舰店u盘64g官方正版高速无损车载U盘usb3.0定制优盘cz73酷铄移动加密系统正品金属学生,https://g-search1.alicdn.com/img/bao/uploaded/i4/i4/2340934754/O1CN01dgesiY1kzNaJYo93S_!!0-item_pic.jpg_360x360Q90.jpg,49.90元,1.5万+人付款,sandisk闪迪旗舰店
HP惠普u盘64g学生金属USB3.1高速商务办公车载优盘正品移动正版电脑定制,https://g-search1.alicdn.com/img/bao/uploaded/i4/i1/133668489/O1CN01jFvP0V2Ca0qcoqT2Q_!!0-item_pic.jpg_360x360Q90.jpg,49.90元,1.0万+人付款,惠普中国官方旗舰店
汽车载U盘高音质车用2021最新抖音音乐优盘网红dj歌曲无损高品质,https://g-search3.alicdn.com/img/bao/uploaded/i4/i4/3937219703/O1CN01DspJo92LY1hYfSLqt_!!3937219703-0-C2M.jpg_360x360Q90.jpg,19.90元,4.0万+人付款,天天特卖工厂店
汽车载U盘无损高音质2021抖音最新歌曲车用音乐网红带dj热门优盘,https://g-search3.alicdn.com/img/bao/uploaded/i4/i3/3937219703/O1CN013a2hIA2LY1i0Y7vLT_!!3937219703-0-C2M.jpg_360x360Q90.jpg,12.80元,2.0万+人付款,天天特卖工厂店
kingston金士顿官方旗舰 DT100G3 128g高速u盘3.0个性定制移动 电脑商务办公 正品优盘学生正版,https://g-search1.alicdn.com/img/bao/uploaded/i4/i1/704392951/O1CN01L4hTGi1XfbSTn9w2H_!!0-item_pic.jpg_360x360Q90.jpg,109.90元,8500+人付款,kingston金士顿旗舰店
免费刻字【官方正品】高速u盘128g手机电脑两用正版优盘大容量128G学生华为手机typec创意双用车载防水定制,https://g-search3.alicdn.com/img/bao/uploaded/i4/i2/2206957746022/O1CN01BKXT6Y1uM7jrfoS2H_!!0-item_pic.jpg_360x360Q90.jpg,35.00元,1.5万+人付款,多纳拉旗舰店
【免费刻字】u盘128g大容量手机电脑两用U盘华为手机typec高速创意双用汽车车载正品优盘定制可爱女生,https://g-search3.alicdn.com/img/bao/uploaded/i4/i1/2206727264393/O1CN01NU2CNy1iK2a48g7iF_!!0-item_pic.jpg_360x360Q90.jpg,29.90元,6.0万+人付款,锂帮主旗舰店
系统U盘电脑一键重装正版win10专业7旗舰原版安装纯净pe启动优xp8,https://g-search3.alicdn.com/img/bao/uploaded/i4/i1/2206943319260/O1CN01zSOJ1a2IH8EvGIv8l_!!0-item_pic.jpg_360x360Q90.jpg,16.80元,1.5万+人付款,泰果乐旗舰店
汽车载u盘高音质车用抖音2021最新歌曲网络音乐优盘无损高品质网红流行热歌mp3经典怀旧老歌重低音dj视音频mv,https://g-search1.alicdn.com/img/bao/uploaded/i4/i1/2208409414921/O1CN01bkLRWF1mDriuXmWam_!!0-item_pic.jpg_360x360Q90.jpg,36.00元,1.0万+人付款,吉莱克沙禾专卖店
汽车载u盘高音质车用2021最新歌曲无损抖音网红流行经典怀旧usb高品质音乐优盘新款奔驰宝马专用音响最火民谣,https://g-search1.alicdn.com/img/bao/uploaded/i4/i3/2208877944368/O1CN016XMPzZ1i8ahOZ5wMN_!!0-item_pic.jpg_360x360Q90.jpg,68.00元,4924人付款,杰诗腾翔达专卖店
汽车载u盘高音质车用2021抖音网红流行无损高品质听歌神器MP3新热歌曲dj怀旧经典老歌音乐优盘usb视音频128,https://g-search3.alicdn.com/img/bao/uploaded/i4/i1/2209349992299/O1CN01aFKaQ61SqzEyEg5ct_!!0-item_pic.jpg_360x360Q90.jpg,198.00元,2224人付款,先机白絮专卖店
惠普无损汽车载u盘高音质歌曲车用带2021新网红抖音经典音乐优盘,https://g-search2.alicdn.com/img/bao/uploaded/i4/i2/2209093567660/O1CN01c1YfWt26SKXoglF7d_!!0-item_pic.jpg_360x360Q90.jpg,198.00元,1404人付款,惠普星汇专卖店
潮鑫正品大容量u盘128g刻字定制logo创意个性可爱迷你手机电脑两用64优盘32投标汽车载16正版高速女学生专用,https://g-search3.alicdn.com/img/bao/uploaded/i4/i2/2514068834/O1CN01temGj42F81UsKepm1_!!0-item_pic.jpg_360x360Q90.jpg,14.90元,8000+人付款,潮鑫旗舰店
kingston金士顿官方旗舰 DTX 64g高速u盘 3.2个性定制DT100G3移动大容量 电脑商务办公 正品优盘学生正版,https://g-search3.alicdn.com/img/bao/uploaded/i4/i1/704392951/O1CN01VCWkNK1XfbT6AteIK_!!0-item_pic.jpg_360x360Q90.jpg,49.90元,9000+人付款,kingston金士顿旗舰店
联想U盘64G手机电脑两用大容量u快速传输高速128办公3.0优盘USB适用苹果256华为typec安卓3.1双接口双头AC,,59.00元,3668人付款,联想酷石专卖店
一键安装电脑重装纯净专业正版win7 10启动系 统U盘32G装机优盘PE,,67.00元,2527人付款,畅游天下500521
小米USB3.0 U盘64GB高速优盘金属便携学生办公电脑U盘,,79.00元,1925人付款,小米官方旗舰店
联想128g大容量U盘TU100高速USB3.0内存thinkplus优盘电脑专用快速传输正版闪存盘学生可订制logo正品128g,,99.00元,1700人付款,联想尚都专卖店
惠普迷你车载u盘汽车高音质歌曲无损高品质迷你优盘正品2021最新抖音流行音乐经典老歌车用,,59.00元,2102人付款,惠普鼎高专卖店
金士顿u盘128gb内存高速USB3.0商务DT100学生办公手机移动电脑两用系统气车载正品金斯顿旗舰店官方正版优盘,,84.90元,2457人付款,金士顿荣鑫达专卖店
联想U盘手机电脑两用64G优盘3.1学生办公高速大容量移动闪存type-c正版专用商务车载便携适用华为快速传输USB,,26.00元,5000+人付款,绿巨能数码专营店
车载U盘256g高速优盘流行音乐抖音红歌高音质歌曲手机电脑两用,,19.90元,120人付款,茂羽旗舰店
中国风u盘32g定制logo刻字正品32G古风优盘32g个性学生复古礼盒会议商务招投标礼品批发手机电脑两用防水车载,,17.90元,1402人付款,炫科旗舰店
联想Type-C手机u盘128g正版USB3.0高速thinkplus优盘手机电脑两用128gb正品安卓双接口双头插华为typec,,99.00元,2058人付款,联想尚都专卖店
惠普真无损车载u盘汽车高音质高品质正品车用优盘2021最新,,198.00元,767人付款,惠普郑何专卖店
正品HP惠普U盘手机电脑两用双接口苹果typec双头256GB优盘定制3.0,,79.00元,2192人付款,华强正品数码城
创意圆形木头U盘128g木质u盘定制可印logo礼物教师节纪念品婚礼学校校徽diy定做8/16/64/32订做usb木盒刻字,,20.90元,200人付款,诺言数码专营店
正品HP惠普U盘512g高速3.0u盘1t手机电脑两用1T 2T大容量1000g,,29.80元,4018人付款,ssl淘淘56789
夏科正品高速u盘32g手机电脑两用刻字定制创意个性可爱女生汽车车载移动系统正版迷你优盘typec大容量小投标,,17.90元,6.5万+人付款,夏科数码旗舰店
无损汽车载u盘2021新抖音高音质网红流行音乐dj重低音歌曲优盘,,128.00元,1262人付款,闪鹰数码旗舰店
爱国者U盘128gb大容量usb3.0高速正版手机电脑两用迷你小巧可爱女生萌创意优盘少女心个性定制logo刻字128g,,79.90元,1741人付款,爱国者尚川专卖店
HP惠普U盘256g优盘双接口手机两用苹果安卓外接内存128高速USB3.0,,59.00元,2222人付款,tb3645136663
官方正品64g手机电脑两用创意卡片u盘定制企业logo广告卡片式优盘,,15.90元,317人付款,crcr旗舰店
如意古风u盘32gb定制logo车载音乐手机电脑优盘专用正品16g高速正版刻字金属个性可爱女生创意64饰品挂绳,,10.80元,808人付款,潮鑫旗舰店
联想X3CPro小新U盘32G高速typec手机U盘双接口USB3.1高速优盘便携,,35.90元,2187人付款,联想官方旗舰店
【10支盒装】投标u盘专用企业招标小容量u盘128mb 256m 512m 1g 2g 4g 8g批发优盘正品定制LOGO刻字电脑礼品,,25.00元,1669人付款,臻志耐尔优品专卖店
电脑重装系统u盘win10正版win7一键装机w7旗舰版w10专业版pe启动peu纯净版xp原版笔记本安装自动安装苹果优盘,,17.50元,6000+人付款,peteed旗舰店
闪迪 u盘128g 高速usb3.2 cz880正版ssd固态优盘 420M/s 金属加密 3.0固态苹果手机电脑两用送otg/typec头,,209.00元,639人付款,闪迪亚百专卖店
